home_team,away_team,home_norm_points,away_norm_points,neutral,knockout_home_win_prob,knockout_away_win_prob,home_win_prob,away_win_prob,tie_prob
France,Belgium,98.43989426049554,94.37519602132711,1,0.5925151149172254,0.4074848850827745,0.4209744070412376,0.28951279647938116,0.28951279647938116
France,England,98.43989426049554,94.34562480397868,1,0.5931725397959897,0.4068274602040103,0.42163844293313063,0.28918077853343466,0.28918077853343466
France,Portugal,98.43989426049554,90.15278462296698,1,0.6820634826317024,0.3179365173682976,0.5175237757230302,0.2412381121384849,0.2412381121384849
France,Netherlands,98.43989426049554,89.63125588063981,1,0.6923876450287403,0.30761235497125977,0.5295052791421189,0.23524736042894062,0.23524736042894062
France,Spain,98.43989426049554,88.30592768493212,1,0.717759055219577,0.2822409447804231,0.5597692525272536,0.22011537373637322,0.22011537373637322
France,Italy,98.43989426049554,88.04605941126394,1,0.7225824115350805,0.27741758846491954,0.5656587305983568,0.21717063470082165,0.21717063470082165
France,Croatia,98.43989426049554,87.7297369953851,1,0.7283845660106539,0.2716154339893461,0.5728025522036535,0.21359872389817328,0.21359872389817328
France,Germany,98.43989426049554,80.84233164568306,0,0.6357817338351649,0.36421826616483516,0.46604106513139515,0.26697946743430245,0.26697946743430245
France,Switzerland,98.43989426049554,78.3511806084502,1,0.8641551505819774,0.1358448494180224,0.7608038642115148,0.11959806789424263,0.11959806789424263
France,Denmark,98.43989426049554,77.12442313723733,1,0.8768818114702549,0.12311818852974511,0.7807564870961318,0.10962175645193407,0.10962175645193407
France,Ukraine,98.43989426049554,74.09023701778753,1,0.9040178016146542,0.09598219838534586,0.8248471580528379,0.08757642097358104,0.08757642097358104
France,Austria,98.43989426049554,72.83570052421703,1,0.9135864403269646,0.08641355967303546,0.8409195855415459,0.07954020722922704,0.07954020722922704
France,Hungary,98.43989426049554,70.80514359962365,1,0.92725406666773,0.07274593333227003,0.864374347975761,0.06781282601211956,0.06781282601211956
France,Poland,98.43989426049554,70.7415206774497,1,0.9276483510295324,0.07235164897046767,0.8650598448001078,0.06747007759994615,0.06747007759994617
France,Serbia,98.43989426049554,69.19216810789015,1,0.9366607009354144,0.06333929906458567,0.8808671905189531,0.05956640474052351,0.05956640474052351
France,Czechia,98.43989426049554,68.05143599623639,1,0.9426152951938828,0.05738470480611725,0.8914591736663349,0.054270413166832544,0.054270413166832544
France,Scotland,98.43989426049554,67.692100900578,1,0.9443795086977068,0.055620491302293226,0.8946202887106225,0.05268985564468873,0.05268985564468873
France,Turkey,98.43989426049554,67.55589408127605,1,0.945034802206514,0.05496519779348607,0.8957971354724336,0.05210143226378331,0.05210143226378331
France,Romania,98.43989426049554,65.06743133652942,1,0.9557955017588828,0.04420449824111711,0.9153336375861696,0.042333181206915135,0.042333181206915135
France,Slovakia,98.43989426049554,64.47421479456965,1,0.9580473133116958,0.0419526866883043,0.9194729526123787,0.04026352369381074,0.04026352369381074
France,Slovenia,98.43989426049554,61.453470137550966,1,0.9679094067604255,0.03209059323957454,0.9378143867412897,0.03109280662935516,0.03109280662935516
France,Albania,98.43989426049554,56.7274519467718,1,0.9789968893983594,0.021003110601640663,0.9588578910611463,0.020571054469426916,0.020571054469426916
France,Georgia,98.43989426049554,53.0229849007572,1,0.9849772368719881,0.015022763128011818,0.9703991601494415,0.014800419925279243,0.014800419925279243
Belgium,England,94.37519602132711,94.34562480397868,1,0.5006809020215681,0.4993190979784319,0.3339388544417584,0.3330305727791208,0.3330305727791208
Belgium,Portugal,94.37519602132711,90.15278462296698,1,0.596017498274798,0.40398250172520206,0.4245191785100004,0.2877404107449998,0.2877404107449998
Belgium,Netherlands,94.37519602132711,89.63125588063981,1,0.6075279919910574,0.3924720080089425,0.43629458150454675,0.2818527092477266,0.2818527092477266
Belgium,Spain,94.37519602132711,88.30592768493212,1,0.6362211909425624,0.36377880905743765,0.46651347470509563,0.2667432626474522,0.2667432626474522
Belgium,Italy,94.37519602132711,88.04605941126394,1,0.641742475421679,0.35825752457832105,0.4724748170424542,0.2637625914787729,0.2637625914787729
Belgium,Croatia,94.37519602132711,87.7297369953851,1,0.6484127145428854,0.3515872854571146,0.47974165007300174,0.2601291749634991,0.2601291749634991
Belgium,Germany,94.37519602132711,80.84233164568306,0,0.5455556754821038,0.45444432451789624,0.37509560612637327,0.3124521969368134,0.3124521969368134
Belgium,Switzerland,94.37519602132711,78.3511806084502,1,0.8139474068853623,0.18605259311463776,0.6862658634284443,0.15686706828577784,0.15686706828577784
Belgium,Denmark,94.37519602132711,77.12442313723733,1,0.8304549344399562,0.16954506556004378,0.7100666394948087,0.14496668025259554,0.14496668025259554
Belgium,Ukraine,94.37519602132711,74.09023701778753,1,0.8662630458453966,0.13373695415460338,0.764077630768722,0.11796118461563897,0.11796118461563897
Belgium,Austria,94.37519602132711,72.83570052421703,1,0.8790921295570893,0.12090787044291067,0.7842679605860281,0.10786601970698598,0.10786601970698598
Belgium,Hungary,94.37519602132711,70.80514359962365,1,0.8976040654542643,0.10239593454573567,0.8142302028936091,0.09288489855319537,0.09288489855319537
Belgium,Poland,94.37519602132711,70.7415206774497,1,0.8981414001513974,0.10185859984860256,0.8151149342345776,0.09244253288271119,0.09244253288271118
Belgium,Serbia,94.37519602132711,69.19216810789015,1,0.9104745159363682,0.08952548406363169,0.8356615143507683,0.08216924282461588,0.08216924282461587
Belgium,Czechia,94.37519602132711,68.05143599623639,1,0.9186771632252017,0.08132283677479832,0.8495863880626892,0.07520680596865544,0.07520680596865544
Belgium,Scotland,94.37519602132711,67.692100900578,1,0.9211157328216388,0.07888426717836106,0.8537669524375038,0.0731165237812481,0.0731165237812481
Belgium,Turkey,94.37519602132711,67.55589408127605,1,0.922022477774853,0.07797752222514709,0.8553262556640572,0.07233687216797147,0.07233687216797148
Belgium,Romania,94.37519602132711,65.06743133652942,1,0.9369879759113827,0.06301202408861738,0.8814462627689631,0.059276868615518515,0.059276868615518515
Belgium,Slovakia,94.37519602132711,64.47421479456965,1,0.940137852871129,0.05986214712887109,0.8870378618747059,0.05648106906264697,0.05648106906264697
Belgium,Slovenia,94.37519602132711,61.453470137550966,1,0.9540079307356257,0.045992069264374144,0.9120603862766962,0.0439698068616519,0.0439698068616519
Belgium,Albania,94.37519602132711,56.7274519467718,1,0.9697483351918676,0.0302516648081323,0.9412732522712958,0.02936337386435205,0.02936337386435205
Belgium,Georgia,94.37519602132711,53.0229849007572,1,0.978303720824642,0.021696279175357974,0.9575289063539124,0.021235546823043832,0.021235546823043832
England,Portugal,94.34562480397868,90.15278462296698,1,0.5953615346329092,0.4046384653670907,0.42385393061076143,0.2880730346946193,0.28807303469461926
England,Netherlands,94.34562480397868,89.63125588063981,1,0.6068783908141316,0.39312160918586836,0.43562484912482813,0.282187575437586,0.282187575437586
England,Spain,94.34562480397868,88.30592768493212,1,0.635590594812947,0.3644094051870531,0.4658356886112281,0.26708215569438604,0.26708215569438604
England,Italy,94.34562480397868,88.04605941126394,1,0.6411160513861228,0.3588839486138771,0.47179602941081916,0.2641019852945904,0.2641019852945904
England,Croatia,94.34562480397868,87.7297369953851,1,0.6477915525373626,0.3522084474626373,0.4790619033277868,0.26046904833610657,0.26046904833610657
England,Germany,94.34562480397868,80.84233164568306,0,0.5448803420251512,0.4551196579748487,0.37445741251512205,0.31277129374243895,0.31277129374243895
England,Switzerland,94.34562480397868,78.3511806084502,1,0.8135345987978916,0.18646540120210836,0.6856791592688931,0.15716042036555344,0.15716042036555344
England,Denmark,94.34562480397868,77.12442313723733,1,0.8300711062275314,0.1699288937724686,0.7095056038413957,0.14524719807930214,0.14524719807930214
England,Ukraine,94.34562480397868,74.09023701778753,1,0.8659471970094085,0.1340528029905916,0.7635863116125049,0.1182068441937476,0.11820684419374762
England,Austria,94.34562480397868,72.83570052421703,1,0.8788023403418644,0.12119765965813548,0.7838067915784093,0.10809660421079534,0.10809660421079532
England,Hungary,94.34562480397868,70.80514359962365,1,0.897353464511833,0.10264653548816707,0.8138178787407642,0.09309106062961787,0.09309106062961787
England,Poland,94.34562480397868,70.7415206774497,1,0.8978919646708554,0.10210803532914471,0.8147041268986843,0.09264793655065776,0.09264793655065776
England,Serbia,94.34562480397868,69.19216810789015,1,0.91025226434063,0.08974773565937,0.835287135320237,0.08235643233988153,0.08235643233988153
England,Czechia,94.34562480397868,68.05143599623639,1,0.9184734517145958,0.08152654828540423,0.8492380082307696,0.07538099588461529,0.07538099588461529
England,Scotland,94.34562480397868,67.692100900578,1,0.9209176040202409,0.07908239597975911,0.8534265848940001,0.07328670755299996,0.07328670755299996
England,Turkey,94.34562480397868,67.55589408127605,1,0.9218264331089134,0.07817356689108665,0.8549889010607076,0.07250554946964627,0.07250554946964625
England,Romania,94.34562480397868,65.06743133652942,1,0.9368269783635897,0.0631730216364103,0.8811613531367154,0.059419323431642294,0.059419323431642294
England,Slovakia,94.34562480397868,64.47421479456965,1,0.9399843878609738,0.06001561213902613,0.8867646637431699,0.05661766812841507,0.05661766812841507
England,Slovenia,94.34562480397868,61.453470137550966,1,0.953888279578132,0.04611172042186796,0.9118416904778156,0.044079154761092226,0.044079154761092226
England,Albania,94.34562480397868,56.7274519467718,1,0.9696683317016347,0.030331668298365293,0.9411225157264956,0.029438742136752218,0.029438742136752218
England,Georgia,94.34562480397868,53.0229849007572,1,0.978245835335154,0.02175416466484604,0.9574180063714606,0.021290996814269703,0.021290996814269703
Portugal,Netherlands,90.15278462296698,89.63125588063981,1,0.5120063346271376,0.4879936653728623,0.3440917434946464,0.3279541282526768,0.3279541282526768
Portugal,Spain,90.15278462296698,88.30592768493212,1,0.5424232101968848,0.4575767898031153,0.3721404004177053,0.3139297997911474,0.3139297997911474
Portugal,Italy,90.15278462296698,88.04605941126394,1,0.5483575133417117,0.4516424866582883,0.37774969965507293,0.3111251501724635,0.3111251501724635
Portugal,Croatia,90.15278462296698,87.7297369953851,1,0.5555623166714859,0.4444376833285142,0.3846218657154295,0.3076890671422852,0.3076890671422853
Portugal,Germany,90.15278462296698,80.84233164568306,0,0.4486395455247094,0.5513604544752906,0.30969715476199317,0.3806056904760136,0.30969715476199317
Portugal,Switzerland,90.15278462296698,78.3511806084502,1,0.7478103273454577,0.2521896726545423,0.5972021201549758,0.20139893992251212,0.20139893992251212
Portugal,Denmark,90.15278462296698,77.12442313723733,1,0.7685170339222065,0.23148296607779348,0.6240581925139344,0.18797090374303282,0.18797090374303282
Portugal,Ukraine,90.15278462296698,74.09023701778753,1,0.8144842500170378,0.18551574998296214,0.6870294637829514,0.15648526810852434,0.1564852681085243
Portugal,Austria,90.15278462296698,72.83570052421703,1,0.8313131312760988,0.16868686872390115,0.7113223854254618,0.1443388072872691,0.1443388072872691
Portugal,Hungary,90.15278462296698,70.80514359962365,1,0.855941626584539,0.14405837341546102,0.7481625470116695,0.12591872649416525,0.12591872649416525
Portugal,Poland,90.15278462296698,70.7415206774497,1,0.8566626772933253,0.1433373227066747,0.7492650334070339,0.12536748329648306,0.12536748329648306
Portugal,Serbia,90.15278462296698,69.19216810789015,1,0.8733096340638306,0.12669036593616947,0.7751105898009482,0.11244470509952587,0.11244470509952587
Portugal,Czechia,90.15278462296698,68.05143599623639,1,0.8844854365011677,0.11551456349883235,0.792894566725299,0.10355271663735052,0.10355271663735054
Portugal,Scotland,90.15278462296698,67.692100900578,1,0.887824095809942,0.11217590419005806,0.7982766866869857,0.10086165665650718,0.1008616566565072
Portugal,Turkey,90.15278462296698,67.55589408127605,1,0.8890674289853249,0.11093257101467519,0.8002892814397288,0.09985535928013564,0.09985535928013564
Portugal,Romania,90.15278462296698,65.06743133652942,1,0.9097385195871155,0.0902614804128845,0.8344223252229322,0.08278883738853386,0.08278883738853386
Portugal,Slovakia,90.15278462296698,64.47421479456965,1,0.9141257151997009,0.08587428480029917,0.8418338365640695,0.07908308171796528,0.07908308171796528
Portugal,Slovenia,90.15278462296698,61.453470137550966,1,0.933597118848889,0.06640288115111104,0.8754638001738451,0.06226809991307745,0.06226809991307745
Portugal,Albania,90.15278462296698,56.7274519467718,1,0.956000783679726,0.043999216320273996,0.9157102502905019,0.04214487485474901,0.04214487485474901
Portugal,Georgia,90.15278462296698,53.0229849007572,1,0.9683170515494396,0.031682948450560494,0.9385800676493806,0.0307099661753097,0.030709966175309706
Netherlands,Spain,89.63125588063981,88.30592768493212,1,0.5304789730951868,0.4695210269048133,0.3609876710730101,0.31950616446349495,0.31950616446349495
Netherlands,Italy,89.63125588063981,88.04605941126394,1,0.5364357966968148,0.46356420330318515,0.3665269999676873,0.31673650001615633,0.31673650001615633
Netherlands,Croatia,89.63125588063981,87.7297369953851,1,0.5436725177499424,0.45632748225005754,0.373317488254741,0.31334125587262945,0.31334125587262945
Netherlands,Germany,89.63125588063981,80.84233164568306,0,0.43678912703985673,0.5632108729601433,0.3040036417450841,0.3919927165098318,0.3040036417450841
Netherlands,Switzerland,89.63125588063981,78.3511806084502,1,0.7386441383371928,0.2613558616628072,0.5855953587621661,0.2072023206189169,0.2072023206189169
Netherlands,Denmark,89.63125588063981,77.12442313723733,1,0.7598617784187315,0.24013822158126855,0.6127234571077498,0.1936382714461251,0.1936382714461251
Netherlands,Ukraine,89.63125588063981,74.09023701778753,1,0.8071163590419863,0.1928836409580136,0.6766094624231626,0.16169526878841875,0.16169526878841875
Netherlands,Austria,89.63125588063981,72.83570052421703,1,0.824469569967741,0.17553043003225902,0.7013596151186965,0.14932019244065173,0.14932019244065173
Netherlands,Hungary,89.63125588063981,70.80514359962365,1,0.8499168465005306,0.15008315349946938,0.7390046918906744,0.1304976540546628,0.1304976540546628
Netherlands,Poland,89.63125588063981,70.7415206774497,1,0.8506627915541555,0.1493372084458445,0.7401333440726572,0.12993332796367144,0.12993332796367144
Netherlands,Serbia,89.63125588063981,69.19216810789015,1,0.8678991130310193,0.1321008869689806,0.7666270056149155,0.11668649719254232,0.11668649719254229
Netherlands,Czechia,89.63125588063981,68.05143599623639,1,0.8794863334296366,0.12051366657036341,0.7848956774633044,0.1075521612683478,0.1075521612683478
Netherlands,Scotland,89.63125588063981,67.692100900578,1,0.882950358464169,0.117049641535831,0.7904307253974863,0.10478463730125681,0.10478463730125681
Netherlands,Turkey,89.63125588063981,67.55589408127605,1,0.8842406677297703,0.11575933227022958,0.7925012519775304,0.10374937401123474,0.10374937401123475
Netherlands,Romania,89.63125588063981,65.06743133652942,1,0.9057157917866417,0.09428420821335831,0.8276787556547188,0.08616062217264056,0.08616062217264056
Netherlands,Slovakia,89.63125588063981,64.47421479456965,1,0.9102792303935687,0.0897207696064314,0.8353325510372066,0.08233372448139659,0.08233372448139659
Netherlands,Slovenia,89.63125588063981,61.453470137550966,1,0.9305565422783725,0.06944345772162754,0.8701315956066124,0.06493420219669381,0.06493420219669381
Netherlands,Albania,89.63125588063981,56.7274519467718,1,0.9539354502047672,0.04606454979523271,0.9119279019554772,0.04403604902226144,0.04403604902226144
Netherlands,Georgia,89.63125588063981,53.0229849007572,1,0.9668097752229908,0.03319022477700917,0.9357519574206723,0.032124021289663796,0.032124021289663796
Spain,Italy,88.30592768493212,88.04605941126394,1,0.505983402489797,0.494016597510203,0.3386732137601581,0.330663393119921,0.330663393119921
Spain,Croatia,88.30592768493212,87.7297369953851,1,0.5132641680458859,0.486735831954114,0.34522889474673474,0.3273855526266326,0.3273855526266326
Spain,Germany,88.30592768493212,80.84233164568306,0,0.4070266447380094,0.5929733552619906,0.28928140505384564,0.42143718989230883,0.28928140505384564
Spain,Switzerland,88.30592768493212,78.3511806084502,1,0.7144031196113934,0.28559688038860664,0.555697614477289,0.2221511927613555,0.2221511927613555
Spain,Denmark,88.30592768493212,77.12442313723733,1,0.736887711381246,0.263112288618754,0.5833905013995642,0.2083047493002179,0.2083047493002179
Spain,Ukraine,88.30592768493212,74.09023701778753,1,0.7873982563550953,0.21260174364490472,0.6493461356803681,0.17532693215981593,0.17532693215981593
Spain,Austria,88.30592768493212,72.83570052421703,1,0.8060992709681751,0.19390072903182495,0.6751811531448421,0.16240942342757905,0.16240942342757902
Spain,Hungary,88.30592768493212,70.80514359962365,1,0.8336724832167638,0.1663275167832362,0.7147842018818658,0.14260789905906718,0.14260789905906718
Spain,Poland,88.30592768493212,70.7415206774497,1,0.8344834429358741,0.16551655706412596,0.7159773388701516,0.14201133056492424,0.14201133056492424
Spain,Serbia,88.30592768493212,69.19216810789015,1,0.8532650483644652,0.14673495163553477,0.7440821849438642,0.12795890752806788,0.12795890752806788
Spain,Czechia,88.30592768493212,68.05143599623639,1,0.8659376159977074,0.13406238400229267,0.7635714121313777,0.11821429393431114,0.11821429393431114
Spain,Scotland,88.30592768493212,67.692100900578,1,0.8697334002665421,0.13026659973345792,0.769494029525109,0.11525298523744547,0.11525298523744547
Spain,Turkey,88.30592768493212,67.55589408127605,1,0.8711481458170223,0.12885185418297762,0.7717116666717335,0.11414416666413324,0.11414416666413324
Spain,Romania,88.30592768493212,65.06743133652942,1,0.8947630641971971,0.10523693580280298,0.8095667410420686,0.09521662947896578,0.09521662947896578
Spain,Slovakia,88.30592768493212,64.47421479456965,1,0.899797975522709,0.10020202447729097,0.8178479547428623,0.09107602262856881,0.09107602262856881
Spain,Slovenia,88.30592768493212,61.453470137550966,1,0.9222417501567647,0.0777582498432354,0.8557037260358793,0.07214813698206038,0.07214813698206039
Spain,Albania,88.30592768493212,56.7274519467718,1,0.9482642953078487,0.0517357046921512,0.9016184304453284,0.04919078477733579,0.04919078477733578
Spain,Georgia,88.30592768493212,53.0229849007572,1,0.9626615807052546,0.03733841929474529,0.928011112670192,0.035994443664904015,0.03599444366490401
Italy,Croatia,88.04605941126394,87.7297369953851,1,0.507283077637724,0.492716922362276,0.339838766505662,0.33008061674716893,0.33008061674716893
Italy,Germany,88.04605941126394,80.84233164568306,0,0.40126295074748114,0.5987370492525188,0.2863580675799884,0.4272838648400232,0.2863580675799884
Italy,Switzerland,88.04605941126394,78.3511806084502,1,0.7094947268767083,0.29050527312329166,0.5497805717287643,0.2251097141356179,0.2251097141356179
Italy,Denmark,88.04605941126394,77.12442313723733,1,0.7322209034372273,0.2677790965627727,0.577561899720889,0.21121905013955555,0.21121905013955555
Italy,Ukraine,88.04605941126394,74.09023701778753,1,0.7833639666106053,0.2166360333893948,0.6438770060329808,0.1780614969835096,0.1780614969835096
Italy,Austria,88.04605941126394,72.83570052421703,1,0.8023307619496154,0.19766923805038458,0.6699101358365708,0.16504493208171458,0.16504493208171456
Italy,Hungary,88.04605941126394,70.80514359962365,1,0.8303270684234162,0.16967293157658386,0.709879698852423,0.1450601505737885,0.1450601505737885
Italy,Poland,88.04605941126394,70.7415206774497,1,0.8311510357091806,0.16884896429081936,0.7110850598336017,0.14445747008319917,0.14445747008319917
Italy,Serbia,88.04605941126394,69.19216810789015,1,0.8502429174774818,0.1497570825225182,0.739497873422171,0.13025106328891448,0.13025106328891448
Italy,Czechia,88.04605941126394,68.05143599623639,1,0.8631346221224414,0.1368653778775586,0.7592232457055278,0.12038837714723609,0.12038837714723609
Italy,Scotland,88.04605941126394,67.692100900578,1,0.866997579539605,0.13300242046039507,0.7652212951030598,0.11738935244847014,0.11738935244847014
Italy,Turkey,88.04605941126394,67.55589408127605,1,0.868437542686636,0.13156245731336408,0.7674676170757221,0.11626619146213901,0.11626619146213901
Italy,Romania,88.04605941126394,65.06743133652942,1,0.8924879289517461,0.1075120710482539,0.8058493918779696,0.09707530406101518,0.09707530406101518
Italy,Slovakia,88.04605941126394,64.47421479456965,1,0.8976192359565681,0.10238076404343183,0.8142551695697073,0.0928724152151463,0.0928724152151463
Italy,Slovenia,88.04605941126394,61.453470137550966,1,0.9205079035529589,0.07949209644704122,0.8527231524738802,0.07363842376305997,0.07363842376305997
Italy,Albania,88.04605941126394,56.7274519467718,1,0.9470773997200879,0.052922600279912205,0.8994748516826535,0.050262574158673294,0.050262574158673294
Italy,Georgia,88.04605941126394,53.0229849007572,1,0.9617916721260527,0.038208327873947394,0.9263956436331219,0.03680217818343912,0.03680217818343912
Croatia,Germany,87.7297369953851,80.84233164568306,0,0.39428395878826034,0.6057160412117396,0.28278598222626283,0.43442803554747433,0.28278598222626283
Croatia,Switzerland,87.7297369953851,78.3511806084502,1,0.7034533382769117,0.29654666172308836,0.5425592144458837,0.2287203927770582,0.2287203927770582
Croatia,Denmark,87.7297369953851,77.12442313723733,1,0.7264699246147329,0.273530075385267,0.5704379807402365,0.21478100962988173,0.21478100962988173
Croatia,Ukraine,87.7297369953851,74.09023701778753,1,0.7783789200624713,0.22162107993752866,0.6371688675364673,0.18141556623176636,0.18141556623176636
Croatia,Austria,87.7297369953851,72.83570052421703,1,0.7976694357428094,0.20233056425719068,0.6634360461722237,0.16828197691388816,0.16828197691388816
Croatia,Hungary,87.7297369953851,70.80514359962365,1,0.8261829111560969,0.1738170888439031,0.7038429743511466,0.1480785128244267,0.1480785128244267
Croatia,Poland,87.7297369953851,70.7415206774497,1,0.8270228108354002,0.17297718916459984,0.7050629956618422,0.14746850216907886,0.14746850216907886
Croatia,Serbia,87.7297369953851,69.19216810789015,1,0.8464952645774476,0.15350473542255239,0.7338463714822627,0.1330768142588686,0.1330768142588686
Croatia,Czechia,87.7297369953851,68.05143599623639,1,0.8596563310377924,0.14034366896220765,0.7538572400898578,0.12307137995507107,0.12307137995507107
Croatia,Scotland,87.7297369953851,67.692100900578,1,0.8636019475641767,0.13639805243582323,0.7599466980017089,0.12002665099914551,0.12002665099914551
Croatia,Turkey,87.7297369953851,67.55589408127605,1,0.8650729525534793,0.13492704744652073,0.7622278053023868,0.11888609734880662,0.11888609734880662
Croatia,Romania,87.7297369953851,65.06743133652942,1,0.8896602579675069,0.11033974203249305,0.8012504860349958,0.09937475698250209,0.09937475698250209
Croatia,Slovakia,87.7297369953851,64.47421479456965,1,0.8949106321097383,0.10508936789026174,0.8098083812155591,0.09509580939222047,0.09509580939222048
Croatia,Slovenia,87.7297369953851,61.453470137550966,1,0.9183497639896152,0.08165023601038482,0.8490265461198477,0.07548672694007613,0.07548672694007613
Croatia,Albania,87.7297369953851,56.7274519467718,1,0.9455979671987159,0.05440203280128408,0.8968096966642765,0.051595151667861834,0.051595151667861834
Croatia,Georgia,87.7297369953851,53.0229849007572,1,0.9607065060200876,0.039293493979912546,0.9243842202274539,0.03780788988627308,0.03780788988627309
Germany,Switzerland,80.84233164568306,78.3511806084502,0,0.7846776696713234,0.21532233032867656,0.6456539554071323,0.17717302229643386,0.1771730222964339
Germany,Denmark,80.84233164568306,77.12442313723733,0,0.8031541050889737,0.19684589491102633,0.6710589128508313,0.16447054357458432,0.16447054357458432
Germany,Ukraine,80.84233164568306,74.09023701778753,0,0.8436425710280369,0.15635742897196314,0.7295690328016146,0.13521548359919272,0.1352154835991927
Germany,Austria,80.84233164568306,72.83570052421703,0,0.8582866031723023,0.14171339682769768,0.7517531155867055,0.12412344220664728,0.12412344220664728
Germany,Hungary,80.84233164568306,70.80514359962365,0,0.8795475542522818,0.12045244574771821,0.7849932030496198,0.10750339847519004,0.10750339847519004
Germany,Poland,80.84233164568306,70.7415206774497,0,0.8801669926968885,0.11983300730311162,0.7859805765295224,0.10700971173523888,0.10700971173523888
Germany,Serbia,80.84233164568306,69.19216810789015,0,0.8944206258246861,0.10557937417531398,0.8090062520313046,0.09549687398434772,0.09549687398434772
Germany,Czechia,80.84233164568306,68.05143599623639,0,0.9039389971903461,0.096061002809654,0.8247159554743574,0.08764202226282136,0.08764202226282138
Germany,Scotland,80.84233164568306,67.692100900578,0,0.9067746622191437,0.09322533778085629,0.8294489991055368,0.08527550044723156,0.08527550044723156
Germany,Turkey,80.84233164568306,67.55589408127605,0,0.9078297573595019,0.09217024264049804,0.8312163451410989,0.08439182742945055,0.08439182742945053
Germany,Romania,80.84233164568306,65.06743133652942,0,0.9252984454989586,0.07470155450104135,0.8609817689605492,0.06950911551972541,0.06950911551972541
Germany,Slovakia,80.84233164568306,64.47421479456965,0,0.9289883790125253,0.07101162098747471,0.8673933697899526,0.06630331510502366,0.06630331510502366
Germany,Slovenia,80.84233164568306,61.453470137550966,0,0.9452914637796863,0.054708536220313755,0.8962584745613819,0.051870762719309134,0.051870762719309134
Germany,Albania,80.84233164568306,56.7274519467718,0,0.9639021304325471,0.03609786956745276,0.9303195757317352,0.03484021213413247,0.034840212134132464
Germany,Georgia,80.84233164568306,53.0229849007572,0,0.9740666498686271,0.02593335013137291,0.9494443764245463,0.025277811787726843,0.025277811787726843
Switzerland,Denmark,78.3511806084502,77.12442313723733,1,0.528217121766235,0.4717828782337651,0.3588960909778553,0.32055195451107243,0.32055195451107243
Switzerland,Ukraine,78.3511806084502,74.09023701778753,1,0.596871723796207,0.403128276203793,0.42538642682838806,0.287306786585806,0.287306786585806
Switzerland,Austria,78.3511806084502,72.83570052421703,1,0.6243362183037228,0.37566378169627723,0.45384361107034316,0.2730781944648284,0.2730781944648284
Switzerland,Hungary,78.3511806084502,70.80514359962365,1,0.6670817622880608,0.33291823771193924,0.5004671280011593,0.24976643599942033,0.24976643599942033
Switzerland,Poland,78.3511806084502,70.7415206774497,1,0.6683818711062386,0.3316181288937614,0.5019320904420964,0.24903395477895182,0.24903395477895182
Switzerland,Serbia,78.3511806084502,69.19216810789015,1,0.6992178755279815,0.30078212447201835,0.5375365039028277,0.23123174804858618,0.23123174804858612
Switzerland,Czechia,78.3511806084502,68.05143599623639,1,0.7208418979398002,0.27915810206019986,0.5635283838477974,0.21823580807610138,0.2182358080761014
Switzerland,Scotland,78.3511806084502,67.692100900578,1,0.7274528425304009,0.2725471574695992,0.5716509901109732,0.21417450494451343,0.21417450494451343
Switzerland,Turkey,78.3511806084502,67.55589408127605,1,0.7299329922206835,0.27006700777931647,0.5747200641775232,0.21263996791123846,0.21263996791123846
Switzerland,Romania,78.3511806084502,65.06743133652942,1,0.7726751253044728,0.22732487469552712,0.6295603888059035,0.18521980559704826,0.18521980559704823
Switzerland,Slovakia,78.3511806084502,64.47421479456965,1,0.7821288706135642,0.2178711293864359,0.6422098789775903,0.1788950605112049,0.17889506051120493
Switzerland,Slovenia,78.3511806084502,61.453470137550966,1,0.8258270574054649,0.17417294259453506,0.7033265947865052,0.14833670260674742,0.14833670260674744
Switzerland,Albania,78.3511806084502,56.7274519467718,1,0.8799143157483236,0.12008568425167646,0.7855776822432918,0.10721115887835411,0.10721115887835411
Switzerland,Georgia,78.3511806084502,53.0229849007572,1,0.9115583854614903,0.08844161453850984,0.8374894650164432,0.08125526749177846,0.08125526749177846
Denmark,Ukraine,77.12442313723733,74.09023701778753,1,0.5694135535051662,0.43058644649483385,0.39802806387570683,0.30098596806214656,0.30098596806214656
Denmark,Austria,77.12442313723733,72.83570052421703,1,0.5974871968452253,0.40251280315477467,0.4260119376459549,0.28699403117702255,0.28699403117702255
Denmark,Hungary,77.12442313723733,70.80514359962365,1,0.6415337210423754,0.35846627895762456,0.47224854306625536,0.26387572846687235,0.26387572846687235
Denmark,Poland,77.12442313723733,70.7415206774497,1,0.6428801883251313,0.3571198116748686,0.47370923539295373,0.2631453823035232,0.26314538230352313
Denmark,Serbia,77.12442313723733,69.19216810789015,1,0.6749342232808248,0.3250657767191753,0.5093590334450735,0.24532048327746325,0.24532048327746325
Denmark,Czechia,77.12442313723733,68.05143599623639,1,0.6975488979615501,0.3024511020384499,0.5355662848838049,0.23221685755809754,0.23221685755809754
Denmark,Scotland,77.12442313723733,67.692100900578,1,0.7044853207188424,0.29551467928115754,0.5437879878827311,0.2281060060586344,0.2281060060586344
Denmark,Turkey,77.12442313723733,67.55589408127605,1,0.7070903175057854,0.2929096824942146,0.5468984624987132,0.22655076875064342,0.22655076875064342
Denmark,Romania,77.12442313723733,65.06743133652942,1,0.7522204482181871,0.24777955178181282,0.6028472314232319,0.198576384288384,0.19857638428838398
Denmark,Slovakia,77.12442313723733,64.47421479456965,1,0.7622631134922502,0.23773688650774982,0.615852304154044,0.192073847922978,0.192073847922978
Denmark,Slovenia,77.12442313723733,61.453470137550966,1,0.8089725901943702,0.1910274098056298,0.6792224792932271,0.1603887603533865,0.1603887603533865
Denmark,Albania,77.12442313723733,56.7274519467718,1,0.8674537404638649,0.13254625953613505,0.7659322814938738,0.11703385925306305,0.11703385925306305
Denmark,Georgia,77.12442313723733,53.0229849007572,1,0.9020156851692874,0.09798431483071253,0.8215196455774147,0.08924017721129265,0.08924017721129267
Ukraine,Austria,74.09023701778753,72.83570052421703,1,0.5288546738915427,0.4711453261084572,0.3594849975090455,0.3202575012454772,0.3202575012454772
Ukraine,Hungary,74.09023701778753,70.80514359962365,1,0.5750702351540534,0.42492976484594663,0.40357795123763585,0.2982110243811821,0.2982110243811821
Ukraine,Poland,74.09023701778753,70.7415206774497,1,0.5765015497075817,0.4234984502924183,0.40498923591322167,0.2975053820433891,0.2975053820433891
Ukraine,Serbia,74.09023701778753,69.19216810789015,1,0.6109075870600351,0.3890924129399648,0.4397890171807006,0.28010549140964963,0.28010549140964963
Ukraine,Czechia,74.09023701778753,68.05143599623639,1,0.6355714785567291,0.3644285214432709,0.4658151515950661,0.267092424202467,0.267092424202467
Ukraine,Scotland,74.09023701778753,67.692100900578,1,0.6432022482780058,0.3567977517219943,0.4740590463550509,0.2629704768224746,0.2629704768224746
Ukraine,Turkey,74.09023701778753,67.55589408127605,1,0.6460760645792435,0.3539239354207565,0.477187859433524,0.26140607028323803,0.26140607028323803
Ukraine,Romania,74.09023701778753,65.06743133652942,1,0.6965729093777805,0.3034270906222195,0.5344164736097791,0.23279176319511044,0.23279176319511044
Ukraine,Slovakia,74.09023701778753,64.47421479456965,1,0.7079954694793613,0.29200453052063874,0.5479821879525922,0.22600890602370394,0.22600890602370394
Ukraine,Slovenia,74.09023701778753,61.453470137550966,1,0.7620386918928759,0.2379613081071242,0.6155593772620029,0.1922203113689986,0.1922203113689986
Ukraine,Albania,74.09023701778753,56.7274519467718,1,0.8319025733947005,0.16809742660529942,0.7121859482323821,0.1439070258838089,0.1439070258838089
Ukraine,Georgia,74.09023701778753,53.0229849007572,1,0.8743923059421747,0.12560769405782538,0.77681798956969,0.11159100521515498,0.11159100521515498
Austria,Hungary,72.83570052421703,70.80514359962365,1,0.5466194962898495,0.4533805037101505,0.3761021252827143,0.3119489373586428,0.3119489373586428
Austria,Poland,72.83570052421703,70.7415206774497,1,0.5480713316897574,0.4519286683102427,0.37747813901050925,0.31126093049474535,0.31126093049474535
Austria,Serbia,72.83570052421703,69.19216810789015,1,0.5831168764305896,0.4168831235694104,0.4115490309190798,0.2942254845404601,0.2942254845404601
Austria,Czechia,72.83570052421703,68.05143599623639,1,0.608413198366476,0.39158680163352394,0.43720822707738094,0.2813958864613095,0.2813958864613095
Austria,Scotland,72.83570052421703,67.692100900578,1,0.6162692985482381,0.3837307014517619,0.44536794471761726,0.27731602764119134,0.27731602764119134
Austria,Turkey,72.83570052421703,67.55589408127605,1,0.6192316250147657,0.38076837498523425,0.44846886431722316,0.27576556784138845,0.27576556784138845
Austria,Romania,72.83570052421703,65.06743133652942,1,0.6716117963186826,0.3283882036813174,0.5055839809909991,0.24720800950450042,0.24720800950450042
Austria,Slovakia,72.83570052421703,64.47421479456965,1,0.6835471318814044,0.3164528681185956,0.5192340329344973,0.24038298353275128,0.24038298353275128
Austria,Slovenia,72.83570052421703,61.453470137550966,1,0.7404564214479342,0.2595435785520657,0.5878767785860504,0.20606161070697482,0.20606161070697482
Austria,Albania,72.83570052421703,56.7274519467718,1,0.8151194192410571,0.18488058075894287,0.6879338158440867,0.15603309207795663,0.15603309207795663
Austria,Georgia,72.83570052421703,53.0229849007572,1,0.8611433104023863,0.13885668959761358,0.7561472117327158,0.12192639413364216,0.12192639413364213
Hungary,Poland,70.80514359962365,70.7415206774497,1,0.5014649677296671,0.49853503227033286,0.334636799895115,0.3326816000524425,0.3326816000524425
Hungary,Serbia,70.80514359962365,69.19216810789015,1,0.5370719760339826,0.46292802396601734,0.3671212576665073,0.3164393711667463,0.3164393711667463
Hungary,Czechia,70.80514359962365,68.05143599623639,1,0.5630687423301114,0.43693125766988866,0.3918550308684754,0.3040724845657623,0.3040724845657623
Hungary,Scotland,70.80514359962365,67.692100900578,1,0.5711933935336792,0.42880660646632085,0.39976956359848903,0.3001152182007555,0.3001152182007555
Hungary,Turkey,70.80514359962365,67.55589408127605,1,0.5742633044726373,0.4257366955273627,0.40278356184149716,0.29860821907925145,0.29860821907925145
Hungary,Romania,70.80514359962365,65.06743133652942,1,0.6291245199324632,0.37087548006753684,0.4589217103084148,0.2705391448457926,0.2705391448457926
Hungary,Slovakia,70.80514359962365,64.47421479456965,1,0.6417804249937489,0.3582195750062511,0.472515958983138,0.263742020508431,0.263742020508431
Hungary,Slovenia,70.80514359962365,61.453470137550966,1,0.7029365660768387,0.2970634339231612,0.5419446325386743,0.2290276837306628,0.2290276837306628
Hungary,Albania,70.80514359962365,56.7274519467718,1,0.7852627719770048,0.21473722802299514,0.6464466173108344,0.17677669134458285,0.17677669134458282
Hungary,Georgia,70.80514359962365,53.0229849007572,1,0.8372349984564117,0.16276500154358822,0.7200380105567071,0.13998099472164643,0.1399809947216464
Poland,Serbia,70.7415206774497,69.19216810789015,1,0.535614745144502,0.46438525485549814,0.3657608155835706,0.3171195922082146,0.3171195922082147
Poland,Czechia,70.7415206774497,68.05143599623639,1,0.561626550213577,0.438373449786423,0.39045948067031555,0.30477025966484217,0.30477025966484217
Poland,Scotland,70.7415206774497,67.692100900578,1,0.5697575275351017,0.43024247246489833,0.39836429032426524,0.3008178548378674,0.3008178548378674
Poland,Turkey,70.7415206774497,67.55589408127605,1,0.5728300304333486,0.4271699695666515,0.4013747785116889,0.29931261074415555,0.29931261074415555
Poland,Romania,70.7415206774497,65.06743133652942,1,0.6277562193318801,0.3722437806681199,0.457466980849596,0.27126650957520193,0.27126650957520193
Poland,Slovakia,70.7415206774497,64.47421479456965,1,0.6404321303829772,0.35956786961702275,0.4710556528254678,0.26447217358726605,0.26447217358726605
Poland,Slovenia,70.7415206774497,61.453470137550966,1,0.7017114700130225,0.2982885299869775,0.5404896167572713,0.2297551916213644,0.2297551916213644
Poland,Albania,70.7415206774497,56.7274519467718,1,0.7842729958461782,0.2157270041538219,0.6451061736446768,0.17744691317766162,0.17744691317766162
Poland,Georgia,70.7415206774497,53.0229849007572,1,0.8364348777081071,0.163565122291893,0.718855233526223,0.14057238323688848,0.1405723832368885
Serbia,Czechia,69.19216810789015,68.05143599623639,1,0.5262421919778526,0.47375780802214734,0.35707508324186216,0.3214624583790689,0.3214624583790689
Serbia,Scotland,69.19216810789015,67.692100900578,1,0.5344854848712357,0.4655145151287643,0.3647084210723592,0.3176457894638204,0.3176457894638204
Serbia,Turkey,69.19216810789015,67.55589408127605,1,0.5376054528387417,0.4623945471612582,0.367619979083155,0.31619001045842243,0.31619001045842243
Serbia,Romania,69.19216810789015,65.06743133652942,1,0.5938495377230537,0.40615046227694634,0.42232289762323666,0.2888385511883817,0.2888385511883817
Serbia,Slovakia,69.19216810789015,64.47421479456965,1,0.6069571505403982,0.39304284945960166,0.43570601634820716,0.2821469918258964,0.2821469918258964
Serbia,Slovenia,69.19216810789015,61.453470137550966,1,0.6710108253171256,0.32898917468287436,0.5049031535394134,0.2475484232302933,0.2475484232302933
Serbia,Albania,69.19216810789015,56.7274519467718,1,0.7591532420512598,0.24084675794874025,0.6118025752883666,0.1940987123558167,0.1940987123558167
Serbia,Georgia,69.19216810789015,53.0229849007572,1,0.8159636941171945,0.18403630588280545,0.6891373938984247,0.15543130305078767,0.1554313030507877
Czechia,Scotland,68.05143599623639,67.692100900578,1,0.5082732411897156,0.4917267588102843,0.3407281113567241,0.32963594432163795,0.32963594432163795
Czechia,Turkey,68.05143599623639,67.55589408127605,1,0.5114082939381484,0.48859170606185154,0.3435517555657395,0.32822412221713027,0.32822412221713027
Czechia,Romania,68.05143599623639,65.06743133652942,1,0.5682799903896042,0.43172000961039586,0.3969211763298931,0.30153941183505345,0.30153941183505345
Czechia,Slovakia,68.05143599623639,64.47421479456965,1,0.5816314479147477,0.41836855208525225,0.41007074434895413,0.2949646278255229,0.2949646278255229
Czechia,Slovenia,68.05143599623639,61.453470137550966,1,0.6474148471334431,0.35258515286655695,0.4786499731727542,0.2606750134136229,0.2606750134136229
Czechia,Albania,68.05143599623639,56.7274519467718,1,0.7394241031169099,0.2605758968830902,0.5865764250650958,0.2067117874674521,0.2067117874674521
Czechia,Georgia,68.05143599623639,53.0229849007572,1,0.7996601256612388,0.20033987433876127,0.666194752633501,0.1669026236832495,0.16690262368324948
Scotland,Turkey,67.692100900578,67.55589408127605,1,0.5031362367852957,0.4968637632147044,0.3361269403066762,0.33193652984666183,0.33193652984666194
Scotland,Romania,67.692100900578,65.06743133652942,1,0.5601426467616437,0.43985735323835634,0.38902648620145414,0.30548675689927296,0.30548675689927296
Scotland,Slovakia,67.692100900578,64.47421479456965,1,0.573556915334869,0.42644308466513103,0.4020888891403025,0.29895555542984875,0.29895555542984875
Scotland,Slovenia,67.692100900578,61.453470137550966,1,0.6398237211939544,0.3601762788060457,0.47039764710173276,0.26480117644913365,0.26480117644913365
Scotland,Albania,67.692100900578,56.7274519467718,1,0.7329969558514344,0.26700304414856557,0.5785281726327763,0.21073591368361186,0.21073591368361186
Scotland,Georgia,67.692100900578,53.0229849007572,1,0.794305405813205,0.2056945941867951,0.6587948636768503,0.17060256816157487,0.17060256816157487
Turkey,Romania,67.55589408127605,65.06743133652942,1,0.5570494530084662,0.4429505469915338,0.38604888724002445,0.3069755563799878,0.3069755563799878
Turkey,Slovakia,67.55589408127605,64.47421479456965,1,0.5704857204897431,0.4295142795102569,0.39907661550970175,0.3004616922451491,0.3004616922451491
Turkey,Slovenia,67.55589408127605,61.453470137550966,1,0.6369276666533259,0.36307233334667405,0.4672735636042979,0.266363218197851,0.266363218197851
Turkey,Albania,67.55589408127605,56.7274519467718,1,0.7305345564735939,0.269465443526406,0.5754662800779092,0.2122668599610454,0.2122668599610454
Turkey,Georgia,67.55589408127605,53.0229849007572,1,0.7922481626173612,0.2077518373826388,0.6559693292077865,0.17201533539610675,0.17201533539610675
Romania,Slovakia,65.06743133652942,64.47421479456965,1,0.5136559186613099,0.48634408133869006,0.3455834521160677,0.3272082739419661,0.3272082739419661
Romania,Slovenia,65.06743133652942,61.453470137550966,1,0.5824546403088269,0.41754535969117307,0.4108895961083888,0.29455520194580553,0.29455520194580553
Romania,Albania,65.06743133652942,56.7274519467718,1,0.6831185069086605,0.3168814930913395,0.51873954527606,0.24063022736196996,0.24063022736196996
Romania,Georgia,65.06743133652942,53.0229849007572,1,0.7520050232114417,0.24799497678855828,0.6025705529252705,0.19871472353736475,0.19871472353736475
Slovakia,Slovenia,64.47421479456965,61.453470137550966,1,0.5691099913515839,0.4308900086484162,0.39773147335702713,0.30113426332148646,0.3011342633214865
Slovakia,Albania,64.47421479456965,56.7274519467718,1,0.6711747821058827,0.3288252178941172,0.5050888356630834,0.2474555821684583,0.2474555821684583
Slovakia,Georgia,64.47421479456965,53.0229849007572,1,0.7416758794642576,0.2583241205357423,0.5894156103027596,0.20529219484862024,0.2052921948486202
Slovenia,Albania,61.453470137550966,56.7274519467718,1,0.6071343395833277,0.3928656604166723,0.4358886551928526,0.28205567240357377,0.28205567240357377
Slovenia,Georgia,61.453470137550966,53.0229849007572,1,0.6849201978997409,0.31507980210025915,0.5208202550186561,0.2395898724906719,0.2395898724906719
Albania,Georgia,56.7274519467718,53.0229849007572,1,0.5844805364294481,0.4155194635705519,0.412908865947442,0.293545567026279,0.293545567026279
